Workbook

Sheet Tổng quan Tiến độ
A1: BẢNG ĐIỀU KHIỂN TIẾN ĐỘ THỰC HIỆN TEST CASE
A4: Nhóm Test Case | B4: Tên File / Sheet | C4: Tổng số TC | D4: Chưa chạy | E4: ✅ Pass | F4: ❌ Fail | G4: ⏭ Skip | H4: Tiến độ hoàn thành
A5: Kết nối & Khởi động | B5: TC-01-connection | C5: 4 | D5: =COUNTIF('TC-01-connection'!H3:H6, "Chưa thực hiện") -> 4 | E5: =COUNTIF('TC-01-connection'!H3:H6, "✅ Pass") -> 0 | F5: =COUNTIF('TC-01-connection'!H3:H6, "❌ Fail") -> 0 | G5: =COUNTIF('TC-01-connection'!H3:H6, "⏭ Skip") -> 0 | H5: =IF(C5=0, 0, (C5-D5)/C5) -> 0
A6: Chào hỏi & Định tuyến | B6: TC-02-greeting | C6: 5 | D6: =COUNTIF('TC-02-greeting'!H3:H7, "Chưa thực hiện") -> 5 | E6: =COUNTIF('TC-02-greeting'!H3:H7, "✅ Pass") -> 0 | F6: =COUNTIF('TC-02-greeting'!H3:H7, "❌ Fail") -> 0 | G6: =COUNTIF('TC-02-greeting'!H3:H7, "⏭ Skip") -> 0 | H6: =IF(C6=0, 0, (C6-D6)/C6) -> 0
A7: Xác thực khách hàng | B7: TC-03-auth | C7: 5 | D7: =COUNTIF('TC-03-auth'!H3:H7, "Chưa thực hiện") -> 5 | E7: =COUNTIF('TC-03-auth'!H3:H7, "✅ Pass") -> 0 | F7: =COUNTIF('TC-03-auth'!H3:H7, "❌ Fail") -> 0 | G7: =COUNTIF('TC-03-auth'!H3:H7, "⏭ Skip") -> 0 | H7: =IF(C7=0, 0, (C7-D7)/C7) -> 0
A8: Tra cứu tiền nước | B8: TC-04-bill | C8: 4 | D8: =COUNTIF('TC-04-bill'!H3:H6, "Chưa thực hiện") -> 4 | E8: =COUNTIF('TC-04-bill'!H3:H6, "✅ Pass") -> 0 | F8: =COUNTIF('TC-04-bill'!H3:H6, "❌ Fail") -> 0 | G8: =COUNTIF('TC-04-bill'!H3:H6, "⏭ Skip") -> 0 | H8: =IF(C8=0, 0, (C8-D8)/C8) -> 0
A9: Tra cứu lượng nước | B9: TC-05-water-usage | C9: 4 | D9: =COUNTIF('TC-05-water-usage'!H3:H6, "Chưa thực hiện") -> 4 | E9: =COUNTIF('TC-05-water-usage'!H3:H6, "✅ Pass") -> 0 | F9: =COUNTIF('TC-05-water-usage'!H3:H6, "❌ Fail") -> 0 | G9: =COUNTIF('TC-05-water-usage'!H3:H6, "⏭ Skip") -> 0 | H9: =IF(C9=0, 0, (C9-D9)/C9) -> 0
A10: Thông báo cúp nước | B10: TC-06-outage | C10: 3 | D10: =COUNTIF('TC-06-outage'!H3:H5, "Chưa thực hiện") -> 3 | E10: =COUNTIF('TC-06-outage'!H3:H5, "✅ Pass") -> 0 | F10: =COUNTIF('TC-06-outage'!H3:H5, "❌ Fail") -> 0 | G10: =COUNTIF('TC-06-outage'!H3:H5, "⏭ Skip") -> 0 | H10: =IF(C10=0, 0, (C10-D10)/C10) -> 0
A11: Tiếp nhận sự cố | B11: TC-07-incident | C11: 4 | D11: =COUNTIF('TC-07-incident'!H3:H6, "Chưa thực hiện") -> 4 | E11: =COUNTIF('TC-07-incident'!H3:H6, "✅ Pass") -> 0 | F11: =COUNTIF('TC-07-incident'!H3:H6, "❌ Fail") -> 0 | G11: =COUNTIF('TC-07-incident'!H3:H6, "⏭ Skip") -> 0 | H11: =IF(C11=0, 0, (C11-D11)/C11) -> 0
A12: Hướng dẫn thủ tục | B12: TC-08-procedure | C12: 5 | D12: =COUNTIF('TC-08-procedure'!H3:H7, "Chưa thực hiện") -> 5 | E12: =COUNTIF('TC-08-procedure'!H3:H7, "✅ Pass") -> 0 | F12: =COUNTIF('TC-08-procedure'!H3:H7, "❌ Fail") -> 0 | G12: =COUNTIF('TC-08-procedure'!H3:H7, "⏭ Skip") -> 0 | H12: =IF(C12=0, 0, (C12-D12)/C12) -> 0
A13: Chuyển tổng đài viên | B13: TC-09-transfer | C13: 4 | D13: =COUNTIF('TC-09-transfer'!H3:H6, "Chưa thực hiện") -> 4 | E13: =COUNTIF('TC-09-transfer'!H3:H6, "✅ Pass") -> 0 | F13: =COUNTIF('TC-09-transfer'!H3:H6, "❌ Fail") -> 0 | G13: =COUNTIF('TC-09-transfer'!H3:H6, "⏭ Skip") -> 0 | H13: =IF(C13=0, 0, (C13-D13)/C13) -> 0
A14: Kịch bản đặc biệt | B14: TC-10-special | C14: 5 | D14: =COUNTIF('TC-10-special'!H3:H7, "Chưa thực hiện") -> 5 | E14: =COUNTIF('TC-10-special'!H3:H7, "✅ Pass") -> 0 | F14: =COUNTIF('TC-10-special'!H3:H7, "❌ Fail") -> 0 | G14: =COUNTIF('TC-10-special'!H3:H7, "⏭ Skip") -> 0 | H14: =IF(C14=0, 0, (C14-D14)/C14) -> 0
A15: TỔNG CỘNG | C15: =SUM(C5:C14) -> 43 | D15: =SUM(D5:D14) -> 43 | E15: =SUM(E5:E14) -> 0 | F15: =SUM(F5:F14) -> 0 | G15: =SUM(G5:G14) -> 0 | H15: =IF(C15=0, 0, (C15-D15)/C15) -> 0

Sheet TC-01-connection
A1: TC-01 – Kết nối & Khởi động hệ thống
A2: Mã Test Case | B2: Tiêu đề Test | C2: Ưu tiên | D2: Điều kiện tiên quyết | E2: Các bước thực hiện | F2: Kết quả mong muốn | G2: Kết quả thực tế | H2: Trạng thái
A3: TC-01-01 | B3: Server khởi động thành công | C3: 🔴 Critical | D3: File `.env` đã cấu hình đầy đủ `OPENAI_API_KEY`, `OPENAI_WEBHOOK_SECRET`, `OPENAI_PROJECT_ID` | E3: 1. Chạy `npm start` trong thư mục `voice_bot` 2. Quan sát log terminal | F3: [INFO] [Server] Voice Bot đang chạy tại port 8000 [INFO] [Server] Webhook endpoint: POST http://0.0.0.0:8000/webhook [INFO] [Server] SIP endpoint: sip:proj_...@sip.api.openai.com;transport=tls - Không có error log khi khởi động - Server lắng nghe đúng port theo `.env` | H3: Chưa thực hiện
A4: TC-01-02 | B4: Webhook nhận event từ OpenAI hợp lệ | C4: 🔴 Critical | D4: Server đang chạy, webhook đã đăng ký trên platform.openai.com | E4: 1. Gọi điện vào số tổng đài từ máy điện thoại bất kỳ 2. Quan sát log server | F4: [INFO] [Webhook] 1.Nhận event: realtime.call.incoming (id: evt_...) [INFO] [Webhook] 3.Incoming call rtc_... from <sip:...> [INFO] [CallMgr] Accepting call rtc_... [INFO] [CallMgr] Call rtc_... accepted [INFO] [WS][rtc_...] Kết nối WebSocket thành công - Không có log `[WARN] Chữ ký không hợp lệ` - Không có lỗi 404 WebSocket | H4: Chưa thực hiện
A5: TC-01-03 | B5: WebSocket kết nối và cấu hình session thành công | C5: 🔴 Critical | D5: TC-01-02 pass | E5: 1. Gọi vào tổng đài 2. Đợi 3 giây sau khi kết nối 3. Quan sát log | F5: [INFO] [WS][rtc_...] ← session.updated OK [INFO] [WS][rtc_...] ← response.created [INFO] [WS][rtc_...] ← output_audio_buffer.started - Không có log `Missing required parameter: 'session.type'` - Có `output_audio_buffer.started` → AI đang phát audio | H5: Chưa thực hiện
A6: TC-01-04 | B6: Kết thúc cuộc gọi – WebSocket đóng sạch | C6: 🟡 High | D6: Đang trong cuộc gọi active | E6: 1. Cúp máy từ phía khách hàng 2. Quan sát log server | F6: [INFO] [WS][rtc_...] WebSocket đóng: 1006 - Không có error log sau khi đóng - Cuộc gọi tiếp theo vẫn hoạt động bình thường (server không crash) | H6: Chưa thực hiện

Sheet TC-02-greeting
A1: TC-02 – Chào hỏi & Định tuyến ban đầu
A2: Mã Test Case | B2: Tiêu đề Test | C2: Ưu tiên | D2: Điều kiện tiên quyết | E2: Các bước thực hiện | F2: Kết quả mong muốn | G2: Kết quả thực tế | H2: Trạng thái
A3: TC-02-01 | B3: AI chủ động chào hỏi khi cuộc gọi kết nối | C3: 🔴 Critical | E3: 1. Gọi vào tổng đài 2. Sau khi nghe tiếng Bíp/kết nối, im lặng hoàn toàn trong 5 giây 3. Lắng nghe xem AI có tự nói không | F3: - AI tự động nói câu chào trong vòng 3 giây sau khi kết nối, không cần khách nói trước - Nội dung câu chào đúng ngữ nghĩa: giới thiệu là AI của Công ty Cấp nước Trung An, hỏi cần hỗ trợ gì - Giọng nói rõ ràng, không bị ngắt quãng giữa chừng | H3: Chưa thực hiện
A4: TC-02-02 | B4: AI nhận diện yêu cầu tra cứu tiền nước | C4: 🔴 Critical | E4: 1. Gọi vào tổng đài, đợi AI chào 2. Nói: "Tôi muốn tra cứu tiền nước tháng này" 3. Quan sát phản hồi của AI | F4: - AI nhận diện đúng yêu cầu tra cứu tiền nước - AI hỏi mã danh bộ/mã khách hàng để xác thực - AI không cung cấp thông tin ngẫu nhiên khi chưa xác thực | H4: Chưa thực hiện
A5: TC-02-03 | B5: AI nhận diện yêu cầu không rõ ràng | C5: 🟡 High | E5: 1. Gọi vào tổng đài, đợi AI chào 2. Nói: "Ừm... tôi muốn hỏi về... à thôi" (nói lẫn lộn, không rõ ý) 3. Quan sát phản hồi của AI | F5: - AI hỏi lại lịch sự để làm rõ: "Quý khách cần hỗ trợ gì ạ? Tôi có thể giúp tra cứu tiền nước, thông báo cúp nước..." - AI không tự bịa đặt yêu cầu của khách - AI không chuyển ngay sang tổng đài viên khi chưa thử hỏi lại | H5: Chưa thực hiện
A6: TC-02-04 | B6: Khách yêu cầu gặp người thật ngay khi bắt đầu | C6: 🔴 Critical | E6: 1. Gọi vào tổng đài, đợi AI chào 2. Nói ngay: "Gặp tổng đài viên" hoặc "Gặp người thật" 3. Quan sát phản hồi | F6: - AI xác nhận đang chuyển máy: "Vâng, Quý khách vui lòng chờ, tôi đang chuyển đến tổng đài viên..." - Log server hiện: `Tool call: transfer_to_agent` - Cuộc gọi được SIP REFER đến hàng đợi tổng đài viên (`AGENT_QUEUE_URI`) | H6: Chưa thực hiện
A7: TC-02-05 | B7: Khách im lặng hoàn toàn trong 5+ giây | C7: 🟡 High | E7: 1. Gọi vào tổng đài, đợi AI chào 2. Không nói gì trong ít nhất 8 giây 3. Lắng nghe phản hồi của AI | F7: - AI hỏi lại một lần sau khoảng 5-7 giây im lặng: "Quý khách có cần hỗ trợ gì không ạ?" - Nếu tiếp tục im lặng thêm 5 giây → AI thông báo chuyển sang tổng đài viên hoặc kết thúc lịch sự | H7: Chưa thực hiện

Sheet Sheet1
A1: Kịch bản Test
A3: AI (Mong muốn) | B3: Khách hàng nói | C3: Data cung cấp cho AI | D3: AI Trả lời
A4: Xin chào
B5: Tôi muốn biết tiền nước tháng này | C5: {ky:5,nam:2026,tien:500 000 | D5: Tiền nước của quý khách là

Sheet TC-03-auth
A1: TC-03 – Xác thực khách hàng (Mã danh bộ)
A2: Mã Test Case | B2: Tiêu đề Test | C2: Ưu tiên | D2: Điều kiện tiên quyết | E2: Các bước thực hiện | F2: Kết quả mong muốn | G2: Kết quả thực tế | H2: Trạng thái
A3: TC-03-01 | B3: Xác thực thành công với mã hợp lệ | C3: 🔴 Critical | E3: 1. Gọi vào tổng đài 2. Nói: "Tôi muốn tra cứu tiền nước" 3. Khi AI hỏi mã khách hàng, nói: "Mã của tôi là một hai ba bốn năm sáu bảy tám chín không một" (đọc từng chữ số) 4. Quan sát phản hồi | F3: - AI ghép đúng thành `12345678901` và gọi verify - AI xác nhận: "Xác thực thành công, khách hàng Nguyễn Văn An..." - Log server: `Tool call: verify_customer({"ma_danh_bo":"12345678901"})` → `success: true` | H3: Chưa thực hiện
A4: TC-03-02 | B4: Xác thực thất bại lần 1 – mã sai | C4: 🔴 Critical | E4: 1. Gọi vào tổng đài → yêu cầu tra cứu tiền nước 2. Khi AI hỏi mã, nói: "chín chín chín chín chín chín chín chín chín chín chín" (11 số 9 – không tồn tại) 3. Quan sát phản hồi | F4: - AI thông báo mã không hợp lệ, yêu cầu nhập lại - AI không kết thúc cuộc gọi hay chuyển máy ngay lần đầu sai - Câu phản hồi lịch sự: "Xin lỗi, mã khách hàng không đúng. Quý khách vui lòng kiểm tra lại..." | H4: Chưa thực hiện
A5: TC-03-03 | B5: Xác thực thất bại 2 lần – chuyển tổng đài viên | C5: 🔴 Critical | E5: 1. Gọi vào tổng đài → yêu cầu tra cứu tiền nước 2. Lần 1: nói mã sai → AI yêu cầu nhập lại 3. Lần 2: nói mã sai lần nữa 4. Quan sát phản hồi | F5: - Sau 2 lần sai, AI không hỏi thêm lần 3 - AI thông báo: "Mã khách hàng vẫn không đúng, Quý khách sẽ được chuyển đến tổng đài viên để được hỗ trợ..." - Log server: `Tool call: transfer_to_agent` | H5: Chưa thực hiện
A6: TC-03-04 | B6: Khách hàng không nhớ mã – yêu cầu gặp người | C6: 🟡 High | E6: 1. Gọi vào tổng đài → yêu cầu tra cứu tiền nước 2. Khi AI hỏi mã, nói: "Tôi không nhớ mã, cho tôi gặp nhân viên" | F6: - AI không ép nhập mã thêm - AI chuyển ngay sang tổng đài viên | H6: Chưa thực hiện
A7: TC-03-05 | B7: Các kịch bản không cần xác thực (thủ tục hành chính) | C7: 🟡 High | E7: 1. Gọi vào tổng đài 2. Nói: "Tôi muốn hỏi thủ tục lắp đồng hồ nước" 3. Quan sát xem AI có hỏi mã khách hàng không | F7: - AI không yêu cầu mã khách hàng cho yêu cầu hướng dẫn thủ tục - AI trả lời thông tin thủ tục ngay lập tức | H7: Chưa thực hiện

Sheet TC-04-bill
A1: TC-04 – Tra cứu tiền nước
A2: Mã Test Case | B2: Tiêu đề Test | C2: Ưu tiên | D2: Điều kiện tiên quyết | E2: Các bước thực hiện | F2: Kết quả mong muốn | G2: Kết quả thực tế | H2: Trạng thái
A3: TC-04-01 | B3: Tra cứu tiền nước thành công – chưa nộp | C3: 🔴 Critical | E3: 1. Gọi vào tổng đài 2. Nói: "Tôi muốn biết tiền nước tháng này" 3. Cung cấp mã: 12345678901 4. Lắng nghe kết quả | F3: - AI đọc kết quả rõ ràng: "Hóa đơn tháng 4 năm 2026 là một trăm tám mươi lăm nghìn đồng, chưa thanh toán, hạn nộp ngày hai mươi lăm tháng năm năm hai nghìn không trăm hai mươi sáu" - Số tiền đúng: 185.000đ - Trạng thái đúng: chưa nộp, có hạn nộp - AI không tự tính toán hay suy đoán số tiền | H3: Chưa thực hiện
A4: TC-04-02 | B4: Tra cứu tiền nước – đã nộp | C4: 🟡 High | E4: 1. Gọi vào tổng đài → tra cứu tiền nước 2. Cung cấp mã: 98765432100 | F4: - AI thông báo: "Hóa đơn tháng 4 năm 2026 là ba trăm hai mươi nghìn đồng, đã thanh toán" - Không đề cập hạn nộp (vì đã nộp rồi) | H4: Chưa thực hiện
A5: TC-04-03 | B5: AI không tính tiền thay backend | C5: 🔴 Critical | E5: 1. Gọi vào tổng đài → xác thực 12345678901 thành công 2. Hỏi: "Tiền nước tháng này tại sao lại cao vậy? Tính như thế nào?" | F5: - AI trả lời chỉ dựa trên dữ liệu backend trả về - AI không tự tính toán đơn giá, định mức hay suy luận con số - AI có thể giải thích chung chung hoặc đề nghị khách liên hệ nhân viên để được giải thích chi tiết | H5: Chưa thực hiện
A6: TC-04-04 | B6: Khách hỏi tiền nước nhiều tháng liên tiếp trong 1 cuộc gọi | C6: 🟡 High | E6: 1. Gọi vào tổng đài → xác thực 12345678901 2. Hỏi tiền nước tháng này 3. Sau khi nghe kết quả, hỏi thêm: "Lượng nước tháng này dùng bao nhiêu?" | F6: - AI không yêu cầu xác thực lại mã khách hàng - AI nhớ session và gọi `get_water_usage` ngay cho 12345678901 - Kết quả hiển thị lượng nước tháng hiện tại | H6: Chưa thực hiện

Sheet TC-05-water-usage
A1: TC-05 – Tra cứu lượng nước sử dụng
A2: Mã Test Case | B2: Tiêu đề Test | C2: Ưu tiên | D2: Điều kiện tiên quyết | E2: Các bước thực hiện | F2: Kết quả mong muốn | G2: Kết quả thực tế | H2: Trạng thái
A3: TC-05-01 | B3: Tra cứu lượng nước tháng hiện tại | C3: 🟡 High | E3: 1. Gọi vào tổng đài 2. Nói: "Tháng này tôi dùng bao nhiêu mét khối nước?" 3. Cung cấp mã: 12345678901 | F3: - AI đọc: "Tháng 4 năm 2026 Quý khách sử dụng 14 mét khối nước" - Số liệu đúng với mock data - AI không đọc lịch sử chi tiết theo ngày giờ | H3: Chưa thực hiện
A4: TC-05-02 | B4: So sánh tăng giảm so với tháng trước | C4: 🟡 High | E4: 1. Gọi vào tổng đài → xác thực 12345678901 2. Nói: "Tháng này dùng nhiều hơn hay ít hơn tháng trước?" | F4: - AI thông báo: "Tháng 4 dùng 14 m³, tháng 3 dùng 12 m³, tăng 2 m³ so với tháng trước" - Xu hướng đúng: tăng - AI không tự tính thêm % hay chi phí tăng thêm | H4: Chưa thực hiện
A5: TC-05-03 | B5: Khách hỏi tại sao dùng nhiều nước hơn | C5: 🟡 High | E5: 1. Gọi vào tổng đài → xác thực 12345678901 2. Hỏi: "Tại sao tháng này tôi dùng nhiều nước hơn vậy?" | F5: - AI không tự đoán lý do (mùa hè, rò rỉ...) - AI thông báo chỉ cung cấp được số liệu, không thể phân tích nguyên nhân - AI đề nghị nếu nghi ngờ rò rỉ → báo sự cố hoặc liên hệ nhân viên | H5: Chưa thực hiện
A6: TC-05-04 | B6: Khách yêu cầu xem lịch sử 6 tháng | C6: 🟢 Medium | E6: 1. Gọi vào tổng đài → xác thực 12345678901 2. Nói: "Cho tôi xem lịch sử dùng nước 6 tháng gần đây" | F6: - AI cung cấp được tối đa 3 tháng (giới hạn mock data) - AI thông báo rõ chỉ có dữ liệu 3 tháng gần nhất - AI không bịa số liệu cho các tháng không có dữ liệu | H6: Chưa thực hiện

Sheet TC-06-outage
A1: TC-06 – Thông báo gián đoạn cung cấp nước / Cúp nước
A2: Mã Test Case | B2: Tiêu đề Test | C2: Ưu tiên | D2: Điều kiện tiên quyết | E2: Các bước thực hiện | F2: Kết quả mong muốn | G2: Kết quả thực tế | H2: Trạng thái
A3: TC-06-01 | B3: Hỏi về lịch cúp nước | C3: 🟡 High | E3: 1. Gọi vào tổng đài 2. Nói: "Khu vực tôi có bị cúp nước không?" 3. Lưu ý: không cần xác thực mã khách hàng cho kịch bản này | F3: - AI không yêu cầu mã khách hàng - AI đọc danh sách thông báo hiện có từ mock data - AI đọc đầy đủ: khu vực, lý do, thời gian từ-đến - AI đề xuất nếu cần chi tiết hơn thì liên hệ nhân viên | H3: Chưa thực hiện
A4: TC-06-02 | B4: Không có thông báo cúp nước | C4: 🟡 High | E4: 1. Gọi vào tổng đài 2. Hỏi: "Hôm nay có cúp nước khu vực nào không?" | F4: - AI trả lời: "Hiện tại không có thông báo gián đoạn cung cấp nước nào" - AI không bịa thông tin | H4: Chưa thực hiện
A5: TC-06-03 | B5: Khách hỏi về khu vực cụ thể không có trong danh sách | C5: 🟢 Medium | E5: 1. Gọi vào tổng đài 2. Nói: "Quận Bình Thạnh có bị cúp nước không?" | F5: - AI thông báo không có thông tin cúp nước cho khu vực đó trong danh sách hiện tại - AI không xác nhận "không bị cúp" một cách chắc chắn (vì dữ liệu có thể chưa đầy đủ) - AI đề nghị khách theo dõi thông báo qua app SAWACO CSKH | H5: Chưa thực hiện

Sheet TC-07-incident
A1: TC-07 – Tiếp nhận phản ánh sự cố
A2: Mã Test Case | B2: Tiêu đề Test | C2: Ưu tiên | D2: Điều kiện tiên quyết | E2: Các bước thực hiện | F2: Kết quả mong muốn | G2: Kết quả thực tế | H2: Trạng thái
A3: TC-07-01 | B3: Báo sự cố rò rỉ nước trong giờ hành chính | C3: 🔴 Critical | E3: 1. Gọi vào tổng đài 2. Nói: "Tôi muốn báo sự cố, đường ống trước nhà tôi bị vỡ, nước chảy tràn ra đường" 3. Cung cấp địa chỉ khi AI hỏi: "47 Nguyễn Trãi, phường 2, Gò Vấp" 4. Xác nhận khi AI tóm tắt lại thông tin | F3: - AI hỏi xác nhận thông tin trước khi tạo phiếu - AI tạo phiếu và thông báo mã phiếu: "Phiếu tiếp nhận TK...... đã được ghi nhận" - Log server: `Tool call: create_ticket({loai: "su_co", mo_ta: "...", khu_vuc: "..."})` - AI không đánh giá đúng/sai về sự cố | H3: Chưa thực hiện
A4: TC-07-02 | B4: Báo sự cố sau 22h (kịch bản đặc biệt) | C4: 🔴 Critical | E4: 1. Gọi vào tổng đài sau 22h 2. Nói: "Tôi muốn gặp nhân viên vì đường ống bị vỡ" | F4: - AI không cố gắng chuyển sang tổng đài viên (vì ngoài giờ) - AI tiếp nhận thông tin sự cố và tạo phiếu loại `khan_cap` - AI thông báo: "Đội kỹ thuật sẽ xử lý trong thời gian sớm nhất" - Log: `Tool call: create_ticket({loai: "khan_cap", ...})` | H4: Chưa thực hiện
A5: TC-07-03 | B5: Khách phản ánh không có nước (áp lực yếu) | C5: 🟡 High | E5: 1. Gọi vào tổng đài 2. Nói: "Nhà tôi từ sáng đến giờ không có nước, vòi chảy rất yếu" 3. Cung cấp thông tin địa chỉ 4. Khi AI hỏi có muốn tạo phiếu không → nói "Có" | F5: - AI phân loại là `phan_anh` (phản ánh) - AI tóm tắt lại trước khi tạo: "Quý khách phản ánh không có nước tại địa chỉ..., tôi ghi nhận và tạo phiếu nhé?" - Sau khi xác nhận → tạo phiếu thành công | H5: Chưa thực hiện
A6: TC-07-04 | B6: Khách phản ánh nhưng từ chối tạo phiếu | C6: 🟢 Medium | E6: 1. Gọi vào tổng đài → báo sự cố rò rỉ nước 2. Khi AI hỏi xác nhận tạo phiếu → nói: "Thôi không cần, để tôi tự xử" | F6: - AI không tạo phiếu khi khách từ chối - AI hỏi có cần hỗ trợ thêm gì không - Không có log `create_ticket` trong server | H6: Chưa thực hiện

Sheet TC-08-procedure
A1: TC-08 – Hướng dẫn thủ tục hành chính
A2: Mã Test Case | B2: Tiêu đề Test | C2: Ưu tiên | D2: Điều kiện tiên quyết | E2: Các bước thực hiện | F2: Kết quả mong muốn | G2: Kết quả thực tế | H2: Trạng thái
A3: TC-08-01 | B3: Hỏi thủ tục đăng ký định mức nước – hộ thường trú HCM | C3: 🟡 High | E3: 1. Gọi vào tổng đài 2. Nói: "Tôi muốn đăng ký định mức nước cho hộ gia đình, có hộ khẩu ở TP.HCM" | F3: - AI không yêu cầu mã khách hàng - AI hướng dẫn: cần cung cấp photo CCCD hoặc khai sinh có số định danh của tất cả nhân khẩu, hoặc app VNeID - AI đề cập các kênh nộp hồ sơ: app SAWACO CSKH, website, hoặc văn phòng giao dịch (địa chỉ cụ thể) - Thông tin đúng, không thiếu sót | H3: Chưa thực hiện
A4: TC-08-02 | B4: Hỏi thủ tục lắp đặt đồng hồ nước – doanh nghiệp đi thuê | C4: 🟡 High | E4: 1. Gọi vào tổng đài 2. Nói: "Công ty tôi đang thuê mặt bằng, muốn đăng ký lắp đồng hồ nước riêng" | F4: - AI nhận diện đúng: doanh nghiệp + địa chỉ đi thuê - AI hướng dẫn cần: giấy chứng nhận quyền sử dụng đất, giấy phép kinh doanh, hợp đồng thuê, giấy cam kết của chủ nhà - AI đề cập điều khoản ký quỹ 20 triệu nếu không có giấy cam kết - Không nhầm sang case "sở hữu" | H4: Chưa thực hiện
A5: TC-08-03 | B5: Hỏi thủ tục sang tên đồng hồ | C5: 🟡 High | E5: 1. Gọi vào tổng đài 2. Nói: "Tôi mua nhà mới, đồng hồ nước vẫn đứng tên người cũ, cần làm gì?" | F5: - AI nhận diện đây là yêu cầu sang tên đồng hồ - AI hướng dẫn cần: hóa đơn tiền nước kỳ mới nhất, sao y giấy chứng nhận quyền sử dụng đất - AI đề cập thêm về đăng ký định mức nếu cần | H5: Chưa thực hiện
A6: TC-08-04 | B6: Hỏi thủ tục nâng/dời đồng hồ | C6: 🟢 Medium | E6: 1. Gọi vào tổng đài 2. Nói: "Nhà tôi cần dời đồng hồ nước sang vị trí khác, thủ tục như thế nào?" | F6: - AI thông báo không cần giấy tờ trước - AI hướng dẫn đăng ký qua app SAWACO CSKH, website, hoặc đến văn phòng - AI nói nhân viên sẽ liên hệ hướng dẫn sau khi đăng ký | H6: Chưa thực hiện
A7: TC-08-05 | B7: Hỏi thủ tục mơ hồ – AI hỏi làm rõ | C7: 🟢 Medium | E7: 1. Gọi vào tổng đài 2. Nói: "Tôi cần làm thủ tục về đồng hồ nước" | F7: - AI hỏi làm rõ: đăng ký mới, sang tên, hay nâng/dời? - AI không tự giả định là loại thủ tục nào - Sau khi khách chọn → AI hướng dẫn đúng thủ tục | H7: Chưa thực hiện

Sheet TC-09-transfer
A1: TC-09 – Chuyển tổng đài viên
A2: Mã Test Case | B2: Tiêu đề Test | C2: Ưu tiên | D2: Điều kiện tiên quyết | E2: Các bước thực hiện | F2: Kết quả mong muốn | G2: Kết quả thực tế | H2: Trạng thái
A3: TC-09-01 | B3: Chuyển máy theo yêu cầu – thành công | C3: 🔴 Critical | E3: 1. Gọi vào tổng đài, đợi AI chào 2. Nói: "Cho tôi gặp tổng đài viên" 3. Quan sát phản hồi AI và log server | F3: - AI xác nhận đang chuyển máy: "Vâng, Quý khách vui lòng chờ trong giây lát..." - Log server: `Tool call: transfer_to_agent({ly_do: "Khách yêu cầu"})` - Log server: `Referring call → sip:200@<asterisk_host>` - Cuộc gọi được chuyển đến tổng đài viên thật - Máy của tổng đài viên đổ chuông | H3: Chưa thực hiện
A4: TC-09-02 | B4: Chuyển máy khi tổng đài viên bận / không bắt máy | C4: 🔴 Critical | E4: 1. Gọi vào tổng đài 2. Nói: "Gặp tổng đài viên" 3. Đợi xem AI xử lý thế nào khi không chuyển được | F4: - AI thông báo không kết nối được tổng đài viên - AI đề nghị: "Quý khách có thể gửi yêu cầu qua app SAWACO CSKH hoặc website www.capnuoctrungan.vn" - Không để khách bị kẹt trong im lặng kéo dài | H4: Chưa thực hiện
A5: TC-09-03 | B5: AI tự chuyển máy khi gặp yêu cầu phức tạp | C5: 🟡 High | E5: 1. Gọi vào tổng đài 2. Nói: "Hóa đơn tháng này của tôi sai, tôi muốn khiếu nại điều chỉnh lại" | F5: - AI nhận diện đây là khiếu nại hóa đơn – nằm ngoài phạm vi AI - AI không cố xử lý hay thương lượng - AI chuyển sang tổng đài viên với giải thích: "Yêu cầu này cần nhân viên xử lý trực tiếp" - Log: `Tool call: transfer_to_agent` | H5: Chưa thực hiện
A6: TC-09-04 | B6: Chuyển máy sau 22h – AI từ chối và tiếp nhận sự cố | C6: 🟡 High | E6: 1. Gọi vào tổng đài sau 22h 2. Nói: "Cho tôi gặp nhân viên" | F6: - AI không thực hiện lệnh REFER (không có tổng đài viên trực) - AI thông báo: "Hiện ngoài giờ làm việc, không có tổng đài viên trực. Quý khách có thể báo sự cố để đội kỹ thuật xử lý hoặc gọi lại vào giờ hành chính." - AI không để cuộc gọi treo vô thời hạn | H6: Chưa thực hiện

Sheet TC-10-special
A1: TC-10 – Kịch bản đặc biệt & Edge Cases
A2: Mã Test Case | B2: Tiêu đề Test | C2: Ưu tiên | D2: Điều kiện tiên quyết | E2: Các bước thực hiện | F2: Kết quả mong muốn | G2: Kết quả thực tế | H2: Trạng thái
A3: TC-10-01 | B3: Cuộc gọi đồng thời nhiều khách | C3: 🔴 Critical | E3: 1. Dùng 2 máy điện thoại, gọi vào tổng đài gần như đồng thời (cách nhau < 5 giây) 2. Trên mỗi máy thực hiện các yêu cầu khác nhau: - Máy 1: tra cứu tiền nước 12345678901 - Máy 2: hỏi thủ tục lắp đồng hồ 3. Quan sát log server và phản hồi trên từng máy | F3: - Mỗi cuộc gọi được xử lý độc lập, không lẫn lộn - Log server hiện 2 `call_id` khác nhau hoạt động song song - Thông tin tra cứu máy 1 không xuất hiện trên máy 2 | H3: Chưa thực hiện
A4: TC-10-02 | B4: Khách nói tiếng Anh xen lẫn tiếng Việt | C4: 🟡 High | E4: 1. Gọi vào tổng đài 2. Nói: "Hello, I want to check my water bill. Mã tôi là 12345678901" | F4: - AI hiểu được yêu cầu dù pha trộn ngôn ngữ - AI phản hồi bằng tiếng Việt (theo system prompt) - AI xử lý đúng mã 12345678901 | H4: Chưa thực hiện
A5: TC-10-03 | B5: Khách nói thông tin sai nhiều lần, thái độ gay gắt | C5: 🟡 High | E5: 1. Gọi vào tổng đài 2. Nói với giọng bực bội: "Tại sao tiền nước tháng này cao vậy? Tôi muốn khiếu nại! Mấy anh tính sai rồi!" | F5: - AI không bị "kích động" theo - AI vẫn giữ giọng lịch sự, thân thiện - AI không tranh luận hay bào chữa - AI đề nghị chuyển sang tổng đài viên để xử lý khiếu nại | H5: Chưa thực hiện
A6: TC-10-04 | B6: Khách test thử nói những yêu cầu ngoài phạm vi | C6: 🟡 High | E6: 1. Gọi vào tổng đài 2. Nói: "Hôm nay thời tiết thế nào?" (hoặc câu hỏi ngoài chủ đề cấp nước) | F6: - AI lịch sự từ chối: "Tôi chỉ có thể hỗ trợ các vấn đề liên quan đến dịch vụ cấp nước..." - AI không trả lời về thời tiết hay các chủ đề khác - AI hỏi lại khách có cần hỗ trợ gì về nước không | H6: Chưa thực hiện
A7: TC-10-05 | B7: Server restart giữa cuộc gọi | C7: 🟢 Medium | E7: 1. Gọi vào tổng đài, đang trong cuộc hội thoại 2. Restart Node.js server (`npm run dev` tự restart sau khi save file) 3. Quan sát điều gì xảy ra với cuộc gọi đang active | F7: - Cuộc gọi bị ngắt (WebSocket đóng) – đây là hành vi chấp nhận được - Asterisk xử lý BYE từ OpenAI khi WS đóng - Server mới khởi động sẵn sàng nhận cuộc gọi tiếp theo - Không crash hay bị treo mãi | H7: Chưa thực hiện
